accession	no_file_available:boolean
files/SRR2173114	true
files/SRR2144678	true
files/SRR2172834	true
files/SRR2172839	true
files/SRR2172905	true
files/SRR2172787	true
files/SRR2173073	true
files/SRR2172725	true
files/SRR2126540	true
files/SRR2172844	true
files/SRR2172807	true
files/SRR2172742	true
files/SRR2173054	true
files/SRR2126557	true
files/SRR2172812	true
files/SRR2173038	true
files/SRR2173033	true
files/SRR2173045	true
files/SRR2172728	true
files/SRR2173061	true
files/SRR2173070	true
files/SRR2126538	true
files/SRR2172732	true
files/SRR2172929	true
files/SRR2172740	true
files/SRR2173324	true
files/SRR2173044	true
files/SRR2173066	true
files/SRR2173064	true
files/SRR2126658	true
files/SRR2173310	true
files/SRR2172847	true
files/SRR2172829	true
files/SRR2172926	true
files/SRR2126558	true
files/SRR2126559	true
files/SRR2173055	true
files/SRR2173320	true
files/SRR2126556	true
files/SRR2172928	true
files/SRR1270442	true
files/SRR1270608	true
files/SRR1270566	true
files/SRR1270499	true
files/SRR2172568	true
files/SRR2172582	true
files/SRR1270462	true
files/SRR2172901	true
files/SRR2172559	true
files/SRR1270650	true
files/SRR2172818	true
files/SRR2172741	true
files/SRR2126535	true
files/SRR2173083	true
files/SRR2172784	true
files/SRR2172912	true
files/SRR2172941	true
files/SRR2172970	true
files/SRR2173216	true
files/SRR2172830	true
files/SRR2173079	true
files/SRR2173124	true
files/SRR2173035	true
files/SRR2173086	true
files/SRR2173241	true
files/SRR2173084	true
files/SRR2126566	true
files/SRR2173078	true
files/SRR2172721	true
files/SRR2173059	true
files/SRR2173050	true
files/SRR2172842	true
files/SRR2173019	true
files/SRR2172836	true
files/SRR2173256	true
files/SRR2172729	true
files/SRR2173015	true
files/SRR2173049	true
files/SRR2173209	true
files/SRR2172832	true
files/SRR2172900	true
files/SRR2173052	true
files/SRR2126534	true
files/SRR2172748	true
files/SRR2144680	true
files/SRR2173113	true
files/SRR2126560	true
files/SRR2172828	true
files/SRR2173238	true
files/SRR2172921	true
files/SRR1270631	true
files/SRR1270525	true
files/SRR2172573	true
files/SRR1270480	true
files/SRR1270610	true
files/SRR1270591	true
files/SRR1270538	true
files/SRR1270596	true
files/SRR1270524	true
files/SRR1270444	true
files/SRR2172908	true
files/SRR2172979	true
files/SRR2173161	true
files/SRR2173316	true
files/SRR2173168	true
files/SRR2172954	true
files/SRR2173142	true
files/SRR2172957	true
files/SRR2173183	true
files/SRR2172956	true
files/SRR2172747	true
files/SRR2172821	true
files/SRR2172745	true
files/SRR2172923	true
files/SRR2172925	true
files/SRR2172751	true
files/SRR2126565	true
files/SRR2126652	true
files/SRR2173122	true
files/SRR2173077	true
files/SRR2126536	true
files/SRR2173046	true
files/SRR2172924	true
files/SRR2173024	true
files/SRR2173308	true
files/SRR2172735	true
files/SRR2173313	true
files/SRR2172744	true
files/SRR2172823	true
files/SRR2173088	true
files/SRR2172909	true
files/SRR2172910	true
files/SRR2173057	true
files/SRR2144681	true
files/SRR2172922	true
files/SRR2173315	true
files/SRR2126589	true
files/SRR2172907	true
files/SRR2172724	true
files/SRR2172835	true
files/SRR1270502	true
files/SRR1270602	true
files/SRR1270576	true
files/SRR1270556	true
files/SRR1270567	true
files/SRR1270522	true
files/SRR2172576	true
files/SRR1270646	true
files/SRR1270529	true
files/SRR1270445	true
files/SRR2173196	true
files/SRR2172963	true
files/SRR2172966	true
files/SRR2173206	true
files/SRR2173155	true
files/SRR2172917	true
files/SRR2173087	true
files/SRR2173100	true
files/SRR2173007	true
files/SRR2173009	true
files/SRR2172749	true
files/SRR2173074	true
files/SRR2173034	true
files/SRR2173125	true
files/SRR2173016	true
files/SRR2173115	true
files/SRR2172920	true
files/SRR2173104	true
files/SRR2173080	true
files/SRR2172819	true
files/SRR2172911	true
files/SRR2172753	true
files/SRR2173311	true
files/SRR2173239	true
files/SRR2144679	true
files/SRR2172727	true
files/SRR2172981	true
files/SRR2172995	true
files/SRR2172752	true
files/SRR2173094	true
files/SRR2173106	true
files/SRR2173021	true
files/SRR2126657	true
files/SRR2126654	true
files/SRR2173065	true
files/SRR2172904	true
files/SRR2173051	true
files/SRR2173123	true
files/SRR2173089	true
files/SRR2172816	true
files/SRR1270558	true
files/SRR2172577	true
files/SRR2172558	true
files/SRR1270614	true
files/SRR1270613	true
files/SRR2172557	true
files/SRR1270545	true
files/SRR1270651	true
files/SRR1270639	true
files/SRR2172588	true
files/SRR2173043	true
files/SRR2173105	true
files/SRR2172846	true
files/SRR2173031	true
files/SRR2173036	true
files/SRR2173063	true
files/SRR2173217	true
files/SRR2173218	true
files/SRR2173093	true
files/SRR2173312	true
files/SRR2173249	true
files/SRR2172824	true
files/SRR2173068	true
files/SRR2173309	true
files/SRR2173307	true
files/SRR2173240	true
files/SRR2173210	true
files/SRR2173023	true
files/SRR2173095	true
files/SRR2172919	true
files/SRR2173181	true
files/SRR2172944	true
files/SRR2173076	true
files/SRR2173085	true
files/SRR2172785	true
files/SRR2172719	true
files/SRR2173092	true
files/SRR2173358	true
files/SRR2172967	true
files/SRR2173236	true
files/SRR2172813	true
files/SRR2173322	true
files/SRR2172845	true
files/SRR2173323	true
files/SRR2173048	true
files/SRR2126539	true
files/SRR2173062	true
files/SRR2172930	true
files/SRR2172731	true
files/SRR2172788	true
files/SRR1270635	true
files/SRR1270578	true
files/SRR2172566	true
files/SRR2172587	true
files/SRR2172583	true
files/SRR2172586	true
files/SRR2172594	true
files/SRR1270589	true
files/SRR1270498	true
files/SRR1270534	true
files/SRR2172806	true
files/SRR2173352	true
files/SRR2173157	true
files/SRR2172940	true
files/SRR2173096	true
files/SRR2173143	true
files/SRR2173321	true
files/SRR2173026	true
files/SRR2172786	true
files/SRR2126653	true
files/SRR2172738	true
files/SRR2173090	true
files/SRR2173220	true
files/SRR2173005	true
files/SRR2172997	true
files/SRR2173317	true
files/SRR2172982	true
files/SRR2577821	true
files/SRR2172737	true
files/SRR2173138	true
files/SRR2172575	true
files/SRR2173235	true
files/SRR2172969	true
files/SRR2173314	true
files/SRR2173003	true
files/SRR2173215	true
files/SRR2172943	true
files/SRR2172987	true
files/SRR2172988	true
files/SRR019024	true
files/SRR2172730	true
files/SRR2172734	true
files/SRR2172756	true
files/SRR2173025	true
files/SRR2173041	true
files/SRR2172789	true
files/SRR2172733	true
files/SRR2172715	true
files/SRR2172755	true
files/SRR2126537	true
files/SRR1270580	true
files/SRR1270493	true
files/SRR1270641	true
files/SRR2172736	true
files/SRR2172822	true
files/SRR2126564	true
files/SRR2173067	true
files/SRR2172804	true
files/SRR2172811	true
files/SRR2173047	true
files/SRR2173075	true
files/SRR2173072	true
files/SRR2172720	true
files/SRR2172810	true
files/SRR2173211	true
files/SRR2173212	true
files/SRR2172986	true
files/SRR2173180	true
files/SRR2172946	true
files/SRR2173204	true
files/SRR2172918	true
files/SRR2172916	true
files/SRR2173195	true
files/SRR2173219	true
files/SRR2126656	true
files/SRR2173102	true
files/SRR2173182	true
files/SRR2173002	true
files/SRR2173000	true
files/SRR2173001	true
files/SRR2172939	true
files/SRR2173354	true
files/SRR2172992	true
files/SRR2172949	true
files/SRR2172994	true
files/SRR2172950	true
files/SRR2173014	true
files/SRR2172947	true
files/SRR2172999	true
files/SRR2172952	true
files/SRR1270479	true
files/SRR1270570	true
files/SRR1270569	true
files/SRR1270562	true
files/SRR1270624	true
files/SRR1270449	true
files/SRR1270461	true
files/SRR1270437	true
files/SRR2126715	true
files/SRR1270527	true
files/SRR2172833	true
files/SRR2173058	true
files/SRR2173121	true
files/SRR2172826	true
files/SRR026659	true
files/SRR2172938	true
files/SRR2172913	true
files/SRR2173110	true
files/SRR2173018	true
files/SRR2172723	true
files/SRR2173214	true
files/SRR026660	true
files/SRR2173112	true
files/SRR2173158	true
files/SRR2172948	true
files/SRR2173351	true
files/SRR2173197	true
files/SRR2173081	true
files/SRR2173136	true
files/SRR2173135	true
files/SRR2173201	true
files/SRR2173167	true
files/SRR2173184	true
files/SRR2173360	true
files/SRR2173132	true
files/SRR2173191	true
files/SRR2172936	true
files/SRR2173134	true
files/SRR2173129	true
files/SRR2173150	true
files/SRR2172951	true
files/SRR2172989	true
files/SRR2173173	true
files/SRR2173207	true
files/SRR2173164	true
files/SRR2173130	true
files/SRR2173319	true
files/SRR2173126	true
files/SRR2173117	true
files/SRR2173194	true
files/SRR1270469	true
files/SRR1270634	true
files/SRR1270441	true
files/SRR2172602	true
files/SRR1270616	true
files/SRR1270472	true
files/SRR1270581	true
files/SRR1270495	true
files/SRR1270514	true
files/SRR1270486	true
files/SRR2172831	true
files/SRR2173040	true
files/SRR2126588	true
files/SRR2173179	true
files/SRR2173202	true
files/SRR2173008	true
files/SRR2173098	true
files/SRR2173165	true
files/SRR2173172	true
files/SRR2173176	true
files/SRR2173013	true
files/SRR2173203	true
files/SRR2173141	true
files/SRR2173198	true
files/SRR1270443	true
files/SRR1270573	true
files/SRR1270537	true
files/SRR1270583	true
files/SRR2172567	true
files/SRR2172592	true
files/SRR019025	true
files/SRR2172932	true
files/SRR2173118	true
files/SRR2173111	true
files/SRR2173185	true
files/SRR2173188	true
files/SRR2173174	true
files/SRR1270508	true
files/SRR1270554	true
files/SRR1270637	true
files/SRR2173145	true
files/SRR2173190	true
files/SRR2172960	true
files/SRR2172965	true
files/SRR2173151	true
files/SRR2173097	true
files/SRR2173359	true
files/SRR2173140	true
files/SRR2172937	true
files/SRR2172942	true
files/SRR1270435	true
files/SRR1270521	true
files/SRR1270588	true
files/SRR1270565	true
files/SRR1270520	true
files/SRR1270475	true
files/SRR2173154	true
files/SRR2173160	true
files/SRR2173159	true
files/SRR2173189	true
files/SRR2173177	true
files/SRR2173156	true
files/SRR2173099	true
files/SRR2173060	true
files/SRR2172722	true
files/SRR2126590	true
files/SRR2173082	true
files/SRR2172716	true
files/SRR2172805	true
files/SRR2173107	true
files/SRR1270546	true
files/SRR2172569	true
files/SRR1270553	true
files/SRR2172578	true
files/SRR2172584	true
files/SRR1270494	true
files/SRR2172574	true
files/SRR1270474	true
files/SRR1270642	true
files/SRR1270458	true
files/SRR2172585	true
files/SRR1270526	true
files/SRR1270500	true
files/SRR1270645	true
files/SRR1270515	true
files/SRR1270568	true
files/SRR2172599	true
files/SRR1270560	true
files/SRR1270597	true
files/SRR1270478	true
files/SRR2173152	true
files/SRR2173148	true
files/SRR2172914	true
files/SRR2173012	true
files/SRR2173208	true
files/SRR2173162	true
files/SRR2173186	true
files/SRR2173029	true
files/SRR2173027	true
files/SRR2173030	true
files/SRR2173163	true
files/SRR2173169	true
files/SRR019023	true
files/SRR2173116	true
files/SRR026661	true
files/SRR026662	true
files/SRR2173353	true
files/SRR2173137	true
files/SRR2173133	true
files/SRR2173131	true
files/SRR2172814	true
files/SRR2173032	true
files/SRR2173277	true
files/SRR2172718	true
files/SRR2173120	true
files/SRR2173069	true
files/SRR2172927	true
files/SRR2173053	true
files/SRR2126591	true
files/SRR2173039	true
files/SRR1270512	true
files/SRR1270549	true
files/SRR1270528	true
files/SRR1270447	true
files/SRR1270523	true
files/SRR2172609	true
files/SRR1270439	true
files/SRR2172581	true
files/SRR1270621	true
files/SRR1270466	true
files/SRR1270598	true
files/SRR1270547	true
files/SRR1270582	true
files/SRR1270446	true
files/SRR1270440	true
files/SRR1270564	true
files/SRR1270539	true
files/SRR1270555	true
files/SRR1270492	true
files/SRR1270626	true
files/SRR2173042	true
files/SRR2173022	true
files/SRR2173017	true
files/SRR2172840	true
files/SRR2173119	true
files/SRR2172825	true
files/SRR2172808	true
files/SRR2172754	true
files/SRR2172717	true
files/SRR2172827	true
files/SRR2173128	true
files/SRR2172817	true
files/SRR2173213	true
files/SRR2173109	true
files/SRR2173127	true
files/SRR2126659	true
files/SRR2173004	true
files/SRR2172809	true
files/SRR2172980	true
files/SRR2172998	true
files/SRR2173037	true
files/SRR2173028	true
files/SRR2172820	true
files/SRR2172838	true
files/SRR2172837	true
files/SRR2172931	true
files/SRR2172934	true
files/SRR2172935	true
files/SRR2172968	true
files/SRR2173237	true
files/SRR1270532	true
files/SRR1270544	true
files/SRR1270518	true
files/SRR2126716	true
files/SRR1270496	true
files/SRR2172565	true
files/SRR1270559	true
files/SRR1270540	true
files/SRR1270448	true
files/SRR2172561	true
files/SRR1270473	true
files/SRR1270594	true
files/SRR1270649	true
files/SRR1270574	true
files/SRR1270648	true
files/SRR1270454	true
files/SRR1270510	true
files/SRR2172600	true
files/SRR2172597	true
files/SRR2172579	true
files/SRR2172743	true
files/SRR1270623	true
files/SRR1270487	true
files/SRR1270552	true
files/SRR2172562	true
files/SRR1270593	true
files/SRR1270507	true
files/SRR1270491	true
files/SRR1270622	true
files/SRR1270595	true
files/SRR2172726	true
files/SRR2173192	true
files/SRR019026	true
files/SRR2173193	true
files/SRR2172958	true
files/SRR2173146	true
files/SRR2172959	true
files/SRR2172962	true
files/SRR2173147	true
files/SRR2173153	true
files/SRR2173149	true
files/SRR2172746	true
files/SRR2172815	true
files/SRR2172841	true
files/SRR2173056	true
files/SRR2173071	true
files/SRR2173166	true
files/SRR2172843	true
files/SRR2173350	true
files/SRR2126655	true
files/SRR1270457	true
files/SRR1270644	true
files/SRR2126714	true
files/SRR2172571	true
files/SRR1270460	true
files/SRR1270619	true
files/SRR1270557	true
files/SRR1270633	true
files/SRR1270450	true
files/SRR2172593	true
files/SRR1270630	true
files/SRR1270548	true
files/SRR1270505	true
files/SRR1270490	true
files/SRR2172750	true
files/SRR2172739	true
files/SRR2173020	true
files/SRR2173347	true
files/SRR2126613	true
files/SRR2173265	true
files/SRR2171879	true
files/SRR1270563	true
files/SRR1270511	true
files/SRR1270465	true
files/SRR1270517	true
files/SRR1270464	true
files/SRR1270617	true
files/SRR1270601	true
files/SRR1270605	true
files/SRR1270488	true
files/SRR2173108	true
files/SRR2173103	true
files/SRR2172964	true
files/SRR2172985	true
files/SRR2173171	true
files/SRR2173349	true
files/SRR2173091	true
files/SRR2172990	true
files/SRR2173010	true
files/SRR2126533	true
files/SRR2172996	true
files/SRR2173006	true
files/SRR2172915	true
files/SRR2173011	true
files/SRR2173139	true
files/SRR2172983	true
files/SRR2172984	true
files/SRR2172955	true
files/SRR2173144	true
files/SRR2172961	true
files/SRR1270503	true
files/SRR1270506	true
files/SRR1270476	true
files/SRR1270531	true
files/SRR1270477	true
files/SRR1270550	true
files/SRR1270551	true
files/SRR1270482	true
files/SRR1270636	true
files/SRR2172563	true
files/SRR2126640	true
files/SRR2126624	true
files/SRR2126633	true
files/SRR2126682	true
files/SRR2173264	true
files/SRR2126698	true
files/SRR2126690	true
files/SRR2126665	true
files/SRR2126614	true
files/SRR2126638	true
files/SRR1270625	true
files/SRR2172589	true
files/SRR1270572	true
files/SRR1270533	true
files/SRR1270618	true
files/SRR1270615	true
files/SRR2172591	true
files/SRR1270438	true
files/SRR2171878	true
files/SRR1270451	true
files/SRR2173205	true
files/SRR2173318	true
files/SRR2172906	true
files/SRR1270535	true
files/SRR1270497	true
files/SRR1270483	true
files/SRR1270571	true
files/SRR2172610	true
files/SRR2172590	true
files/SRR1270620	true
files/SRR2172933	true
files/SRR2173355	true
files/SRR2172945	true
files/SRR026663	true
files/SRR2173170	true
files/SRR2173175	true
files/SRR2173101	true
files/SRR2172991	true
files/SRR2172993	true
files/SRR2173187	true
files/SRR1270640	true
files/SRR1270513	true
files/SRR1270504	true
files/SRR1270592	true
files/SRR1270609	true
files/SRR1270603	true
files/SRR031631	true
files/SRR2172761	true
files/SRR2172770	true
files/SRR031633	true
files/SRR2126697	true
files/SRR2126692	true
files/SRR2173269	true
files/SRR2126632	true
files/SRR2173266	true
files/SRR2126630	true
files/SRR2126635	true
files/SRR2126608	true
files/SRR2126612	true
files/SRR2126628	true
files/SRR2172564	true
files/SRR1270471	true
files/SRR2172596	true
files/SRR1270647	true
files/SRR1270585	true
files/SRR2172601	true
files/SRR1270607	true
files/SRR1270452	true
files/SRR1270606	true
files/SRR1270501	true
files/SRR1270516	true
files/SRR1270509	true
files/SRR1270586	true
files/SRR1270467	true
files/SRR2126713	true
files/SRR1270468	true
files/SRR1270561	true
files/SRR2172580	true
files/SRR1270628	true
files/SRR1270536	true
files/SRR2172953	true
files/SRR2173178	true
files/SRR2172778	true
files/SRR2172772	true
files/SRR2172790	true
files/SRR2172766	true
files/SRR2172678	true
files/SRR2173253	true
files/SRR2173245	true
files/SRR2172849	true
files/SRR026666	true
files/SRR2173344	true
files/SRR026664	true
files/SRR026665	true
files/SRR2173334	true
files/SRR2126611	true
files/SRR2173271	true
files/SRR2126644	true
files/SRR2126686	true
files/SRR2173275	true
files/SRR2126679	true
files/SRR2172776	true
files/SRR2172780	true
files/SRR2172782	true
files/SRR2172769	true
files/SRR2172759	true
files/SRR2172774	true
files/SRR2172779	true
files/SRR2172775	true
files/SRR2126685	true
files/SRR1270519	true
files/SRR1270543	true
files/SRR1270612	true
files/SRR1270575	true
files/SRR1270599	true
files/SRR1270455	true
files/SRR1270463	true
files/SRR1270587	true
files/SRR1270484	true
files/SRR1270481	true
files/SRR1270542	true
files/SRR1270600	true
files/SRR1270611	true
files/SRR1270629	true
files/SRR1270577	true
files/SRR1270530	true
files/SRR1270459	true
files/SRR1270632	true
files/SRR2172572	true
files/SRR1270590	true
files/SRR2172692	true
files/SRR2172656	true
files/SRR2172617	true
files/SRR2172662	true
files/SRR2172677	true
files/SRR2172694	true
files/SRR2172689	true
files/SRR2172877	true
files/SRR2173338	true
files/SRR2173341	true
files/SRR2126645	true
files/SRR2126696	true
files/SRR2173280	true
files/SRR2173199	true
files/SRR2172765	true
files/SRR2172679	true
files/SRR2172760	true
files/SRR2172768	true
files/SRR2172767	true
files/SRR2172800	true
files/SRR2126575	true
files/SRR2126577	true
files/SRR2172606	true
files/SRR2126541	true
files/SRR2126718	true
files/SRR2126720	true
files/SRR2172690	true
files/SRR2172663	true
files/SRR2172664	true
files/SRR2172693	true
files/SRR2172570	true
files/SRR1270643	true
files/SRR1270489	true
files/SRR1270434	true
files/SRR1270579	true
files/SRR1270470	true
files/SRR1270485	true
files/SRR1270456	true
files/SRR1270627	true
files/SRR1270638	true
files/SRR2172560	true
files/SRR2172595	true
files/SRR1270541	true
files/SRR1270436	true
files/SRR2172598	true
files/SRR1270604	true
files/SRR2172627	true
files/SRR2172611	true
files/SRR2172633	true
files/SRR2126573	true
files/SRR2126666	true
files/SRR2173287	true
files/SRR2126636	true
files/SRR2173259	true
files/SRR2173356	true
files/SRR018226	true
files/SRR2173325	true
files/SRR2173328	true
files/SRR018486	true
files/SRR018484	true
files/SRR2172799	true
files/SRR2173261	true
files/SRR2126664	true
files/SRR2126677	true
files/SRR2126691	true
files/SRR2126626	true
files/SRR2173276	true
files/SRR2126609	true
files/SRR2173282	true
files/SRR2173335	true
files/SRR2172878	true
files/SRR2172635	true
files/SRR2172622	true
files/SRR2172642	true
files/SRR2172643	true
files/SRR2172639	true
files/SRR2172613	true
files/SRR2126572	true
files/SRR2126717	true
files/SRR2126574	true
files/SRR2172603	true
files/SRR1270453	true
files/SRR1270584	true
files/SRR2172848	true
files/SRR2173244	true
files/SRR2172612	true
files/SRR2172647	true
files/SRR2172616	true
files/SRR2172626	true
files/SRR2173251	true
files/SRR2173252	true
files/SRR2172624	true
files/SRR2172632	true
files/SRR2173255	true
files/SRR018481	true
files/SRR2173233	true
files/SRR031634	true
files/SRR2173339	true
files/SRR018479	true
files/SRR2173327	true
files/SRR2172764	true
files/SRR2173326	true
files/SRR2173332	true
files/SRR2126623	true
files/SRR2126625	true
files/SRR2173286	true
files/SRR2126678	true
files/SRR2172773	true
files/SRR2126617	true
files/SRR2126627	true
files/SRR018483	true
files/SRR2172640	true
files/SRR2173248	true
files/SRR2173246	true
files/SRR2172652	true
files/SRR2172608	true
files/SRR2172671	true
files/SRR2172654	true
files/SRR2126544	true
files/SRR2172619	true
files/SRR2172649	true
files/SRR2172655	true
files/SRR2172669	true
files/SRR2126546	true
files/SRR2172666	true
files/SRR018482	true
files/SRR2173200	true
files/SRR026667	true
files/SRR018232	true
files/SRR018478	true
files/SRR2172660	true
files/SRR2172644	true
files/SRR2172641	true
files/SRR2172614	true
files/SRR2126542	true
files/SRR2173274	true
files/SRR2173270	true
files/SRR2126619	true
files/SRR2126621	true
files/SRR2126684	true
files/SRR2173336	true
files/SRR2172801	true
files/SRR2172796	true
files/SRR2172771	true
files/SRR2172757	true
files/SRR2172793	true
files/SRR2172777	true
files/SRR2172781	true
files/SRR2172783	true
files/SRR2126610	true
files/SRR2126699	true
files/SRR2126689	true
files/SRR2126680	true
files/SRR2173268	true
files/SRR2126631	true
files/SRR2173273	true
files/SRR2126620	true
files/SRR031629	true
files/SRR018231	true
files/SRR018477	true
files/SRR2172618	true
files/SRR2172623	true
files/SRR2172604	true
files/SRR2173247	true
files/SRR2172628	true
files/SRR2172634	true
files/SRR2172607	true
files/SRR2172672	true
files/SRR2172676	true
files/SRR2172674	true
files/SRR2173329	true
files/SRR031628	true
files/SRR019560	true
files/SRR2173345	true
files/SRR2173342	true
files/SRR2173333	true
files/SRR2126660	true
files/SRR2173357	true
files/SRR2172708	true
files/SRR2173302	true
files/SRR2126618	true
files/SRR2126629	true
files/SRR2126639	true
files/SRR2126695	true
files/SRR2173330	true
files/SRR2173337	true
files/SRR2172758	true
files/SRR2172794	true
files/SRR2172792	true
files/SRR2172802	true
files/SRR2126687	true
files/SRR2126683	true
files/SRR2173267	true
files/SRR2172803	true
files/SRR2173348	true
files/SRR2172680	true
files/SRR2172762	true
files/SRR2172795	true
files/SRR031630	true
files/SRR2173343	true
files/SRR2173346	true
files/SRR2173243	true
files/SRR2126545	true
files/SRR2171877	true
files/SRR2172648	true
files/SRR2172653	true
files/SRR2172636	true
files/SRR2172630	true
files/SRR2126543	true
files/SRR2172605	true
files/SRR2172646	true
files/SRR2172638	true
files/SRR2172629	true
files/SRR2172615	true
files/SRR2172651	true
files/SRR2172659	true
files/SRR2172874	true
files/SRR2172691	true
files/SRR2172876	true
files/SRR2172673	true
files/SRR2173262	true
files/SRR2173284	true
files/SRR2126648	true
files/SRR2172856	true
files/SRR2172899	true
files/SRR2173221	true
files/SRR2172683	true
files/SRR2172682	true
files/SRR2173222	true
files/SRR2172695	true
files/SRR2172791	true
files/SRR2173279	true
files/SRR2126681	true
files/SRR2126688	true
files/SRR2173283	true
files/SRR2173281	true
files/SRR2172763	true
files/SRR2173234	true
files/SRR2172797	true
files/SRR2172798	true
files/SRR2173331	true
files/SRR019222	true
files/SRR2126615	true
files/SRR2126643	true
files/SRR2173272	true
files/SRR2126622	true
files/SRR2126641	true
files/SRR2126616	true
files/SRR2126634	true
files/SRR2126663	true
files/SRR2172645	true
files/SRR2172665	true
files/SRR2172658	true
files/SRR2173250	true
files/SRR2126667	true
files/SRR2172897	true
files/SRR2126703	true
files/SRR2172889	true
files/SRR2126592	true
files/SRR2173297	true
files/SRR2126549	true
files/SRR2126569	true
files/SRR2172872	true
files/SRR2172698	true
files/SRR2173226	true
files/SRR2126601	true
files/SRR2126712	true
files/SRR2126587	true
files/SRR2172882	true
files/SRR2126607	true
files/SRR2126582	true
files/SRR2172894	true
files/SRR2126593	true
files/SRR2172702	true
files/SRR2126586	true
files/SRR2172857	true
files/SRR2172880	true
files/SRR2172709	true
files/SRR2173224	true
files/SRR2173278	true
files/SRR026669	true
files/SRR018485	true
files/SRR018480	true
files/SRR031632	true
files/SRR2173340	true
files/SRR2172879	true
files/SRR2172875	true
files/SRR2172688	true
files/SRR2172675	true
files/SRR2173254	true
files/SRR2173285	true
files/SRR2126637	true
files/SRR2126642	true
files/SRR2172668	true
files/SRR2172667	true
files/SRR2172650	true
files/SRR2172620	true
files/SRR2172657	true
files/SRR2172625	true
files/SRR2126547	true
files/SRR2172706	true
files/SRR2126595	true
files/SRR2172860	true
files/SRR2173292	true
files/SRR2126676	true
files/SRR2172631	true
files/SRR2126576	true
files/SRR2126548	true
files/SRR2173242	true
files/SRR2172621	true
files/SRR2172859	true
files/SRR2172868	true
files/SRR2173299	true
files/SRR2173293	true
files/SRR2126584	true
files/SRR2173227	true
files/SRR2172703	true
files/SRR2172861	true
files/SRR2172885	true
files/SRR2172883	true
files/SRR2126693	true
files/SRR2126571	true
files/SRR2172700	true
files/SRR2126550	true
files/SRR2173305	true
files/SRR2126694	true
files/SRR2126650	true
files/SRR2126603	true
files/SRR2126600	true
files/SRR2172851	true
files/SRR2173306	true
files/SRR2126598	true
files/SRR2173304	true
files/SRR2172712	true
files/SRR2172888	true
files/SRR2126668	true
files/SRR2126701	true
files/SRR2126662	true
files/SRR2126602	true
files/SRR2126567	true
files/SRR2172670	true
files/SRR2172661	true
files/SRR2172637	true
files/SRR2126599	true
files/SRR2172869	true
files/SRR2126597	true
files/SRR2172697	true
files/SRR2126651	true
files/SRR2126596	true
files/SRR2172850	true
files/SRR2126719	true
files/SRR2126570	true
files/SRR2173225	true
files/SRR2126710	true
files/SRR2126561	true
files/SRR2173229	true
files/SRR2126551	true
files/SRR2173303	true
files/SRR2126562	true
files/SRR2172881	true
files/SRR2126672	true
files/SRR2126647	true
files/SRR2126594	true
files/SRR2172890	true
files/SRR2126605	true
files/SRR2126581	true
files/SRR2126669	true
files/SRR2126563	true
files/SRR2126568	true
files/SRR2172871	true
files/SRR2172685	true
files/SRR2172884	true
files/SRR2172707	true
files/SRR2173291	true
files/SRR2172684	true
files/SRR2173263	true
files/SRR2126555	true
files/SRR2172866	true
files/SRR2172865	true
files/SRR2172704	true
files/SRR2126649	true
files/SRR2126707	true
files/SRR2126604	true
files/SRR2126671	true
files/SRR2172898	true
files/SRR2172902	true
files/SRR2126675	true
files/SRR2172855	true
files/SRR2126674	true
files/SRR2172711	true
files/SRR2172853	true
files/SRR2172870	true
files/SRR2173301	true
files/SRR2173231	true
files/SRR2126578	true
files/SRR2173257	true
files/SRR2172896	true
files/SRR2172705	true
files/SRR2172701	true
files/SRR2172696	true
files/SRR2173230	true
files/SRR2172867	true
files/SRR2172892	true
files/SRR2126552	true
files/SRR2126554	true
files/SRR2126579	true
files/SRR2173300	true
files/SRR2172887	true
files/SRR2126585	true
files/SRR2126700	true
files/SRR2126708	true
files/SRR2172714	true
files/SRR2173294	true
files/SRR2173228	true
files/SRR2173223	true
files/SRR2173289	true
files/SRR2172891	true
files/SRR2173295	true
files/SRR2172713	true
files/SRR2126673	true
files/SRR2172710	true
files/SRR2172687	true
files/SRR2172893	true
files/SRR2172858	true
files/SRR2126583	true
files/SRR2126553	true
files/SRR2126705	true
files/SRR2172699	true
files/SRR2172873	true
files/SRR2173260	true
files/SRR2172852	true
files/SRR2172886	true
files/SRR2172903	true
files/SRR2173296	true
files/SRR2172862	true
files/SRR2173290	true
files/SRR2126606	true
files/SRR2126646	true
files/SRR2126702	true
files/SRR2126706	true
files/SRR2173288	true
files/SRR2173232	true
files/SRR2172895	true
files/SRR2126670	true
files/SRR2172864	true
files/SRR2172854	true
files/SRR2126709	true
files/SRR2126580	true
files/SRR2172863	true
files/SRR2126661	true
files/SRR2172681	true
files/SRR2126704	true
files/SRR2173298	true
files/SRR2173258	true
files/SRR2172686	true
files/SRR2126711	true
